Probability (10^-n),Score,Injected Count
7,0.5476190476190477,13.4217728
6,0.6111111111111112,134.217728
5,0.42063492063492064,1342.17728
4,0.24206349206349206,13421.7728
3,0.2261904761904762,134217.728
2,0.23809523809523808,1342177.28
1,0.2896825396825397,13421772.8
